{
  "project_info": {
    "project_number": "1031175254027",
    "firebase_url": "https://librarymanagement-a77c6-default-rtdb.firebaseio.com",
    "project_id": "librarymanagement-a77c6",
    "storage_bucket": "librarymanagement-a77c6.appspot.com"
  },
  "client": [
    {
      "client_info": {
        "mobilesdk_app_id": "1:1031175254027:android:dd2566393a17c4dc78170e",
        "android_client_info": {
          "package_name": "com.example.librarymanagement"
        }
      },
      "oauth_client": [],
      "api_key": [
        {
          "current_key": "AIzaSyBuHvFMh7nbxrGo0cPaUbzwkxQbrydN0Eo"
        }
      ],
      "services": {
        "appinvite_service": {
          "other_platform_oauth_client": []
        }
      }
    }
  ],
  "configuration_version": "1"
}